-- =====================================
-- 더미 데이터 삽입 스크립트 (backup.sql 스키마에 맞게 수정됨)
-- =====================================

USE `HeroDB`;

-- 기존 데이터 삭제 (있다면)
DELETE FROM `navigating_log`;
DELETE FROM `robot_log`;
DELETE FROM `series`;
DELETE FROM `reservations`;
DELETE FROM `robot`;
DELETE FROM `department`;
DELETE FROM `patient`;
DELETE FROM `admin`;
DELETE FROM `log_type`;
DELETE FROM `hospital`;

-- 병원 데이터
INSERT INTO `hospital` (`hospital_id`, `hospital_name`) VALUES
(1, '서울아산병원'),
(2, '히어로병원');

-- 관리자 데이터 (hospital_id 추가)
INSERT INTO `admin` (`admin_id`, `password`, `name`, `email`, `hospital_id`) VALUES
('admin1', '0000', '김관리', 'admin1@hero.com', 1),
('admin2', '0000', '박운영', 'admin2@hero.com', 2);

-- 환자 데이터 (hospital_id 추가)
INSERT INTO `patient` (`patient_id`, `name`, `ssn`, `phone`, `rfid`, `hospital_id`) VALUES
(10011001, '김환자', '900101-1234567', '010-1234-5678', '33F7AD2C', 1),
(10021002, '이환자', '950203-2345678', '010-2345-6789', '8ADBC901', 1),
(10031003, '박환자', '880304-1345679', '010-3456-7890', NULL, 1),
(10041004, '최환자', '920405-2456780', '010-4567-8901', NULL, 1);

-- 로봇 데이터 (hospital_id 추가)
INSERT INTO `robot` (`robot_id`, `hospital_id`) VALUES 
(3, 1);

-- 부서/스테이션 데이터 (hospital_id 추가)
INSERT INTO `department` (`department_id`, `department_name`, `location_x`, `location_y`, `yaw`, `hospital_id`) VALUES
(0, 'CT 검사실', -5.79, -1.88, 90.0, 1),        -- 90도
(1, '초음파 검사실', -4.9, -1.96, 90.0, 1),     -- 90도
(2, 'X-ray 검사실', -5.69, 4.34, 180.0, 1),     -- 180도
(3, '대장암 센터', 0.93, -2.3, 0.0, 1),         -- 0도
(4, '위암 센터', 3.84, -2.3, 0.0, 1),           -- 0도
(5, '폐암 센터', 5.32, -2.27, 0.0, 1),          -- 0도
(6, '뇌종양 센터', 5.97, 1.46, 180.0, 1),       -- 180도
(7, '유방암 센터', 7.64, 1.63, 180.0, 1),       -- 180도
(8, '병원 로비', 9.53, -1.76, 90.0, 1);         -- 90도

-- 로그 타입 데이터 (새로운 이벤트 로그 타입들 추가)
INSERT INTO `log_type` (`type`, `description`) VALUES
-- 호출 관련
('call_with_gesture', '손동작 호출'),
('call_with_voice', '음성 호출'),
('call_with_screen', '스크린터치로 호출'),
('control_by_admin', '관리자 원격제어 호출'),
('arrived_to_call', '호출 위치 도착'),

-- 수동제어 관련
('teleop_request', '수동제어 요청'),
('teleop_complete', '수동제어 명령 완수'),

-- 길안내 관련
('patient_navigating', '환자 길안내'),
('unknown_navigating', '알 수 없는 사용자 길안내'),
('admin_navigating', '관리자 길안내'),
('moving_by_patient', '환자 요청 길안내'),
('moving_by_unknown', '알 수 없는 사용자 요청 길안내'),
('pause_request', '일시정지 요청'),
('restart_navigating', '안내 재개 요청'),
('stop_navigation', '길안내 중단'),
('navigating_complete', '길안내 완료'),

-- 반환 관련
('patient_return', '환자 반환 요청'),
('unknown_return', '알 수 없는 사용자 반환 요청'),
('admin_return', '관리자 반환 요청'),
('return_by_patient', '환자 요청 반환'),
('return_by_unknown', '알 수 없는 사용자 요청 반환'),
('return_command', '제한 시간 종료 후 서버에서 자동 반환 명령'),
('arrived_to_station', '대기 장소 도착'),

-- 충전 관련
('charging_request', '충전 요청'),
('charging_complete', '충전 완료');

-- 예약 데이터
INSERT INTO `reservations` (`patient_id`, `reservation_date`) VALUES
(10011001, '2025-01-25'),
(10021002, '2025-01-25'),
(10031003, '2025-01-25'),
(10041004, '2025-01-25'),
(10011001, '2025-08-13');

-- 시리즈 데이터 (status를 VARCHAR로 수정)
INSERT INTO `series` (`series_id`, `department_id`, `dttm`, `status`, `patient_id`, `reservation_date`) VALUES
(0, 0, '2025-01-25 09:00:00', '예약', 10011001, '2025-01-25'),  -- 김환자: CT
(1, 0, '2025-01-25 10:30:00', '접수', 10021002, '2025-01-25'),  -- 이환자: CT
(2, 3, '2025-01-25 11:00:00', '접수', 10021002, '2025-01-25'),  -- 이환자: 대장암센터
(3, 1, '2025-01-25 14:00:00', '완료', 10031003, '2025-01-25'),  -- 박환자: 초음파
(4, 2, '2025-01-25 15:30:00', '접수', 10041004, '2025-01-25'),  -- 최환자: X-ray
(5, 0, '2025-08-01 09:00:00', '예약', 10011001, '2025-08-13');  -- 김환자: CT

-- 로봇 로그 샘플 데이터 (새로운 구조에 맞게 수정)
INSERT INTO `robot_log` (`robot_id`, `patient_id`, `dttm`, `type`, `admin_id`) VALUES
-- 손동작 호출
(3, 10011001, '2025-01-25 08:45:00', 'call_with_gesture', NULL),
(3, NULL, '2025-01-25 08:50:00', 'arrived_to_call', NULL),

-- 환자 길안내
(3, 10011001, '2025-01-25 08:55:00', 'patient_navigating', NULL),
(3, 10011001, '2025-01-25 09:05:00', 'navigating_complete', NULL),

-- 음성 호출
(3, 10021002, '2025-01-25 10:15:00', 'call_with_voice', NULL),
(3, NULL, '2025-01-25 10:20:00', 'arrived_to_call', NULL),

-- 환자 길안내
(3, 10021002, '2025-01-25 10:25:00', 'patient_navigating', NULL),
(3, 10021002, '2025-01-25 10:35:00', 'navigating_complete', NULL),

-- 관리자 길안내
(3, NULL, '2025-01-25 10:55:00', 'admin_navigating', 'admin1'),
(3, NULL, '2025-01-25 11:05:00', 'navigating_complete', 'admin1'),

-- 스크린터치 호출
(3, 10031003, '2025-01-25 13:45:00', 'call_with_screen', NULL),
(3, NULL, '2025-01-25 13:50:00', 'arrived_to_call', NULL),

-- 환자 길안내
(3, 10031003, '2025-01-25 13:55:00', 'patient_navigating', NULL),
(3, 10031003, '2025-01-25 14:05:00', 'navigating_complete', NULL),

-- 환자 반환
(3, 10011001, '2025-01-25 09:10:00', 'patient_return', NULL),
(3, 10011001, '2025-01-25 09:15:00', 'arrived_to_station', NULL),

-- 관리자 반환
(3, NULL, '2025-01-25 11:10:00', 'admin_return', 'admin1'),
(3, NULL, '2025-01-25 11:15:00', 'arrived_to_station', 'admin1'),

-- 수동제어
(3, NULL, '2025-01-25 12:00:00', 'teleop_request', 'admin1'),
(3, NULL, '2025-01-25 12:05:00', 'teleop_complete', 'admin1'),

-- 충전
(3, NULL, '2025-01-25 16:00:00', 'charging_request', NULL),
(3, NULL, '2025-01-25 16:30:00', 'charging_complete', NULL);

-- 네비게이션 로그 데이터 (새로운 테이블)
INSERT INTO `navigating_log` (`robot_id`, `dttm`, `orig`, `dest`) VALUES
-- 김환자: 로비 → CT (길안내 시작)
(3, '2025-01-25 08:55:00', 8, 0),

-- 이환자: 로비 → CT (길안내 시작)
(3, '2025-01-25 10:25:00', 8, 0),

-- 관리자: CT → 대장암센터 (길안내 시작)
(3, '2025-01-25 10:55:00', 0, 3),

-- 박환자: 로비 → 초음파 (길안내 시작)
(3, '2025-01-25 13:55:00', 8, 1),

-- 김환자 반환: CT → 로비 (반환 시작)
(3, '2025-01-25 09:10:00', 0, 8),

-- 관리자 반환: 대장암센터 → 로비 (반환 시작)
(3, '2025-01-25 11:10:00', 3, 8),

-- 김환자 반환 완료: 로비 도착
(3, '2025-01-25 09:15:00', 0, 8),

-- 관리자 반환 완료: 로비 도착
(3, '2025-01-25 11:15:00', 3, 8);

-- =====================================
-- 2025년 1월 더미 데이터 추가
-- =====================================

-- 1월 1주차 (1/1-1/7) 예약 데이터
INSERT INTO `reservations` (`patient_id`, `reservation_date`) VALUES
(10011001, '2025-01-02'),
(10021002, '2025-01-03'),
(10031003, '2025-01-04'),
(10041004, '2025-01-06'),
(10011001, '2025-01-07');

-- 1월 1주차 시리즈 데이터
INSERT INTO `series` (`series_id`, `department_id`, `dttm`, `status`, `patient_id`, `reservation_date`) VALUES
(10, 0, '2025-01-02 09:00:00', '완료', 10011001, '2025-01-02'),
(11, 1, '2025-01-03 10:30:00', '완료', 10021002, '2025-01-03'),
(12, 2, '2025-01-04 11:00:00', '완료', 10031003, '2025-01-04'),
(13, 3, '2025-01-06 14:00:00', '완료', 10041004, '2025-01-06'),
(14, 4, '2025-01-07 15:30:00', '완료', 10011001, '2025-01-07');

-- 1월 1주차 로봇 로그
INSERT INTO `robot_log` (`robot_id`, `patient_id`, `dttm`, `type`, `admin_id`) VALUES
-- 1/2 김환자 CT 검사
(3, 10011001, '2025-01-02 08:45:00', 'call_with_gesture', NULL),
(3, NULL, '2025-01-02 08:50:00', 'arrived_to_call', NULL),
(3, 10011001, '2025-01-02 08:55:00', 'patient_navigating', NULL),
(3, 10011001, '2025-01-02 09:05:00', 'navigating_complete', NULL),
(3, 10011001, '2025-01-02 09:10:00', 'patient_return', NULL),
(3, 10011001, '2025-01-02 09:15:00', 'arrived_to_station', NULL),

-- 1/3 이환자 초음파 검사
(3, 10021002, '2025-01-03 10:15:00', 'call_with_voice', NULL),
(3, NULL, '2025-01-03 10:20:00', 'arrived_to_call', NULL),
(3, 10021002, '2025-01-03 10:25:00', 'patient_navigating', NULL),
(3, 10021002, '2025-01-03 10:35:00', 'navigating_complete', NULL),
(3, 10021002, '2025-01-03 10:40:00', 'patient_return', NULL),
(3, 10021002, '2025-01-03 10:45:00', 'arrived_to_station', NULL),

-- 1/4 박환자 X-ray 검사
(3, 10031003, '2025-01-04 10:45:00', 'call_with_screen', NULL),
(3, NULL, '2025-01-04 10:50:00', 'arrived_to_call', NULL),
(3, 10031003, '2025-01-04 10:55:00', 'patient_navigating', NULL),
(3, 10031003, '2025-01-04 11:05:00', 'navigating_complete', NULL),
(3, 10031003, '2025-01-04 11:10:00', 'patient_return', NULL),
(3, 10031003, '2025-01-04 11:15:00', 'arrived_to_station', NULL),

-- 1/6 최환자 대장암센터
(3, 10041004, '2025-01-06 13:45:00', 'call_with_gesture', NULL),
(3, NULL, '2025-01-06 13:50:00', 'arrived_to_call', NULL),
(3, 10041004, '2025-01-06 13:55:00', 'patient_navigating', NULL),
(3, 10041004, '2025-01-06 14:05:00', 'navigating_complete', NULL),
(3, 10041004, '2025-01-06 14:10:00', 'patient_return', NULL),
(3, 10041004, '2025-01-06 14:15:00', 'arrived_to_station', NULL),

-- 1/7 김환자 위암센터
(3, 10011001, '2025-01-07 15:15:00', 'call_with_voice', NULL),
(3, NULL, '2025-01-07 15:20:00', 'arrived_to_call', NULL),
(3, 10011001, '2025-01-07 15:25:00', 'patient_navigating', NULL),
(3, 10011001, '2025-01-07 15:35:00', 'navigating_complete', NULL),
(3, 10011001, '2025-01-07 15:40:00', 'patient_return', NULL),
(3, 10011001, '2025-01-07 15:45:00', 'arrived_to_station', NULL);

-- 1월 1주차 네비게이션 로그
INSERT INTO `navigating_log` (`robot_id`, `dttm`, `orig`, `dest`) VALUES
-- 1/2 김환자: 로비 → CT
(3, '2025-01-02 08:55:00', 8, 0),
(3, '2025-01-02 09:10:00', 0, 8),

-- 1/3 이환자: 로비 → 초음파
(3, '2025-01-03 10:25:00', 8, 1),
(3, '2025-01-03 10:40:00', 1, 8),

-- 1/4 박환자: 로비 → X-ray
(3, '2025-01-04 10:55:00', 8, 2),
(3, '2025-01-04 11:10:00', 2, 8),

-- 1/6 최환자: 로비 → 대장암센터
(3, '2025-01-06 13:55:00', 8, 3),
(3, '2025-01-06 14:10:00', 3, 8),

-- 1/7 김환자: 로비 → 위암센터
(3, '2025-01-07 15:25:00', 8, 4),
(3, '2025-01-07 15:40:00', 4, 8);

-- 1월 2주차 (1/8-1/14) 예약 데이터
INSERT INTO `reservations` (`patient_id`, `reservation_date`) VALUES
(10021002, '2025-01-08'),
(10031003, '2025-01-09'),
(10041004, '2025-01-10'),
(10011001, '2025-01-13'),
(10021002, '2025-01-14');

-- 1월 2주차 시리즈 데이터
INSERT INTO `series` (`series_id`, `department_id`, `dttm`, `status`, `patient_id`, `reservation_date`) VALUES
(15, 5, '2025-01-08 09:00:00', '완료', 10021002, '2025-01-08'),
(16, 6, '2025-01-09 10:30:00', '완료', 10031003, '2025-01-09'),
(17, 7, '2025-01-10 11:00:00', '완료', 10041004, '2025-01-10'),
(18, 0, '2025-01-13 14:00:00', '완료', 10011001, '2025-01-13'),
(19, 1, '2025-01-14 15:30:00', '완료', 10021002, '2025-01-14');

-- 1월 2주차 로봇 로그
INSERT INTO `robot_log` (`robot_id`, `patient_id`, `dttm`, `type`, `admin_id`) VALUES
-- 1/8 이환자 폐암센터
(3, 10021002, '2025-01-08 08:45:00', 'call_with_gesture', NULL),
(3, NULL, '2025-01-08 08:50:00', 'arrived_to_call', NULL),
(3, 10021002, '2025-01-08 08:55:00', 'patient_navigating', NULL),
(3, 10021002, '2025-01-08 09:05:00', 'navigating_complete', NULL),
(3, 10021002, '2025-01-08 09:10:00', 'patient_return', NULL),
(3, 10021002, '2025-01-08 09:15:00', 'arrived_to_station', NULL),

-- 1/9 박환자 뇌종양센터
(3, 10031003, '2025-01-09 10:15:00', 'call_with_voice', NULL),
(3, NULL, '2025-01-09 10:20:00', 'arrived_to_call', NULL),
(3, 10031003, '2025-01-09 10:25:00', 'patient_navigating', NULL),
(3, 10031003, '2025-01-09 10:35:00', 'navigating_complete', NULL),
(3, 10031003, '2025-01-09 10:40:00', 'patient_return', NULL),
(3, 10031003, '2025-01-09 10:45:00', 'arrived_to_station', NULL),

-- 1/10 최환자 유방암센터
(3, 10041004, '2025-01-10 10:45:00', 'call_with_screen', NULL),
(3, NULL, '2025-01-10 10:50:00', 'arrived_to_call', NULL),
(3, 10041004, '2025-01-10 10:55:00', 'patient_navigating', NULL),
(3, 10041004, '2025-01-10 11:05:00', 'navigating_complete', NULL),
(3, 10041004, '2025-01-10 11:10:00', 'patient_return', NULL),
(3, 10041004, '2025-01-10 11:15:00', 'arrived_to_station', NULL),

-- 1/13 김환자 CT 검사
(3, 10011001, '2025-01-13 13:45:00', 'call_with_gesture', NULL),
(3, NULL, '2025-01-13 13:50:00', 'arrived_to_call', NULL),
(3, 10011001, '2025-01-13 13:55:00', 'patient_navigating', NULL),
(3, 10011001, '2025-01-13 14:05:00', 'navigating_complete', NULL),
(3, 10011001, '2025-01-13 14:10:00', 'patient_return', NULL),
(3, 10011001, '2025-01-13 14:15:00', 'arrived_to_station', NULL),

-- 1/14 이환자 초음파 검사
(3, 10021002, '2025-01-14 15:15:00', 'call_with_voice', NULL),
(3, NULL, '2025-01-14 15:20:00', 'arrived_to_call', NULL),
(3, 10021002, '2025-01-14 15:25:00', 'patient_navigating', NULL),
(3, 10021002, '2025-01-14 15:35:00', 'navigating_complete', NULL),
(3, 10021002, '2025-01-14 15:40:00', 'patient_return', NULL),
(3, 10021002, '2025-01-14 15:45:00', 'arrived_to_station', NULL);

-- 1월 2주차 네비게이션 로그
INSERT INTO `navigating_log` (`robot_id`, `dttm`, `orig`, `dest`) VALUES
-- 1/8 이환자: 로비 → 폐암센터
(3, '2025-01-08 08:55:00', 8, 5),
(3, '2025-01-08 09:10:00', 5, 8),

-- 1/9 박환자: 로비 → 뇌종양센터
(3, '2025-01-09 10:25:00', 8, 6),
(3, '2025-01-09 10:40:00', 6, 8),

-- 1/10 최환자: 로비 → 유방암센터
(3, '2025-01-10 10:55:00', 8, 7),
(3, '2025-01-10 11:10:00', 7, 8),

-- 1/13 김환자: 로비 → CT
(3, '2025-01-13 13:55:00', 8, 0),
(3, '2025-01-13 14:10:00', 0, 8),

-- 1/14 이환자: 로비 → 초음파
(3, '2025-01-14 15:25:00', 8, 1),
(3, '2025-01-14 15:40:00', 1, 8);

-- =====================================
-- 2025년 2월 더미 데이터 추가
-- =====================================

-- 2월 1주차 (2/3-2/9) 예약 데이터
INSERT INTO `reservations` (`patient_id`, `reservation_date`) VALUES
(10011001, '2025-02-03'),
(10021002, '2025-02-04'),
(10031003, '2025-02-05'),
(10041004, '2025-02-07'),
(10011001, '2025-02-08');

-- 2월 1주차 시리즈 데이터
INSERT INTO `series` (`series_id`, `department_id`, `dttm`, `status`, `patient_id`, `reservation_date`) VALUES
(30, 4, '2025-02-03 09:00:00', '완료', 10011001, '2025-02-03'),
(31, 5, '2025-02-04 10:30:00', '완료', 10021002, '2025-02-04'),
(32, 6, '2025-02-05 11:00:00', '완료', 10031003, '2025-02-05'),
(33, 7, '2025-02-07 14:00:00', '완료', 10041004, '2025-02-07'),
(34, 0, '2025-02-08 15:30:00', '완료', 10011001, '2025-02-08');

-- 2월 1주차 로봇 로그
INSERT INTO `robot_log` (`robot_id`, `patient_id`, `dttm`, `type`, `admin_id`) VALUES
-- 2/3 김환자 위암센터
(3, 10011001, '2025-02-03 08:45:00', 'call_with_gesture', NULL),
(3, NULL, '2025-02-03 08:50:00', 'arrived_to_call', NULL),
(3, 10011001, '2025-02-03 08:55:00', 'patient_navigating', NULL),
(3, 10011001, '2025-02-03 09:05:00', 'navigating_complete', NULL),
(3, 10011001, '2025-02-03 09:10:00', 'patient_return', NULL),
(3, 10011001, '2025-02-03 09:15:00', 'arrived_to_station', NULL),

-- 2/4 이환자 폐암센터
(3, 10021002, '2025-02-04 10:15:00', 'call_with_voice', NULL),
(3, NULL, '2025-02-04 10:20:00', 'arrived_to_call', NULL),
(3, 10021002, '2025-02-04 10:25:00', 'patient_navigating', NULL),
(3, 10021002, '2025-02-04 10:35:00', 'navigating_complete', NULL),
(3, 10021002, '2025-02-04 10:40:00', 'patient_return', NULL),
(3, 10021002, '2025-02-04 10:45:00', 'arrived_to_station', NULL),

-- 2/5 박환자 뇌종양센터
(3, 10031003, '2025-02-05 10:45:00', 'call_with_screen', NULL),
(3, NULL, '2025-02-05 10:50:00', 'arrived_to_call', NULL),
(3, 10031003, '2025-02-05 10:55:00', 'patient_navigating', NULL),
(3, 10031003, '2025-02-05 11:05:00', 'navigating_complete', NULL),
(3, 10031003, '2025-02-05 11:10:00', 'patient_return', NULL),
(3, 10031003, '2025-02-05 11:15:00', 'arrived_to_station', NULL),

-- 2/7 최환자 유방암센터
(3, 10041004, '2025-02-07 13:45:00', 'call_with_gesture', NULL),
(3, NULL, '2025-02-07 13:50:00', 'arrived_to_call', NULL),
(3, 10041004, '2025-02-07 13:55:00', 'patient_navigating', NULL),
(3, 10041004, '2025-02-07 14:05:00', 'navigating_complete', NULL),
(3, 10041004, '2025-02-07 14:10:00', 'patient_return', NULL),
(3, 10041004, '2025-02-07 14:15:00', 'arrived_to_station', NULL),

-- 2/8 김환자 CT 검사
(3, 10011001, '2025-02-08 15:15:00', 'call_with_voice', NULL),
(3, NULL, '2025-02-08 15:20:00', 'arrived_to_call', NULL),
(3, 10011001, '2025-02-08 15:25:00', 'patient_navigating', NULL),
(3, 10011001, '2025-02-08 15:35:00', 'navigating_complete', NULL),
(3, 10011001, '2025-02-08 15:40:00', 'patient_return', NULL),
(3, 10011001, '2025-02-08 15:45:00', 'arrived_to_station', NULL);

-- 2월 1주차 네비게이션 로그
INSERT INTO `navigating_log` (`robot_id`, `dttm`, `orig`, `dest`) VALUES
-- 2/3 김환자: 로비 → 위암센터
(3, '2025-02-03 08:55:00', 8, 4),
(3, '2025-02-03 09:10:00', 4, 8),

-- 2/4 이환자: 로비 → 폐암센터
(3, '2025-02-04 10:25:00', 8, 5),
(3, '2025-02-04 10:40:00', 5, 8),

-- 2/5 박환자: 로비 → 뇌종양센터
(3, '2025-02-05 10:55:00', 8, 6),
(3, '2025-02-05 11:10:00', 6, 8),

-- 2/7 최환자: 로비 → 유방암센터
(3, '2025-02-07 13:55:00', 8, 7),
(3, '2025-02-07 14:10:00', 7, 8),

-- 2/8 김환자: 로비 → CT
(3, '2025-02-08 15:25:00', 8, 0),
(3, '2025-02-08 15:40:00', 0, 8);

-- 2월 2주차 (2/10-2/16) 예약 데이터
INSERT INTO `reservations` (`patient_id`, `reservation_date`) VALUES
(10021002, '2025-02-10'),
(10031003, '2025-02-11'),
(10041004, '2025-02-12'),
(10011001, '2025-02-14'),
(10021002, '2025-02-15');

-- 2월 2주차 시리즈 데이터
INSERT INTO `series` (`series_id`, `department_id`, `dttm`, `status`, `patient_id`, `reservation_date`) VALUES
(35, 1, '2025-02-10 09:00:00', '완료', 10021002, '2025-02-10'),
(36, 2, '2025-02-11 10:30:00', '완료', 10031003, '2025-02-11'),
(37, 3, '2025-02-12 11:00:00', '완료', 10041004, '2025-02-12'),
(38, 4, '2025-02-14 14:00:00', '완료', 10011001, '2025-02-14'),
(39, 5, '2025-02-15 15:30:00', '완료', 10021002, '2025-02-15');

-- 2월 2주차 로봇 로그
INSERT INTO `robot_log` (`robot_id`, `patient_id`, `dttm`, `type`, `admin_id`) VALUES
-- 2/10 이환자 초음파 검사
(3, 10021002, '2025-02-10 08:45:00', 'call_with_gesture', NULL),
(3, NULL, '2025-02-10 08:50:00', 'arrived_to_call', NULL),
(3, 10021002, '2025-02-10 08:55:00', 'patient_navigating', NULL),
(3, 10021002, '2025-02-10 09:05:00', 'navigating_complete', NULL),
(3, 10021002, '2025-02-10 09:10:00', 'patient_return', NULL),
(3, 10021002, '2025-02-10 09:15:00', 'arrived_to_station', NULL),

-- 2/11 박환자 X-ray 검사
(3, 10031003, '2025-02-11 10:15:00', 'call_with_voice', NULL),
(3, NULL, '2025-02-11 10:20:00', 'arrived_to_call', NULL),
(3, 10031003, '2025-02-11 10:25:00', 'patient_navigating', NULL),
(3, 10031003, '2025-02-11 10:35:00', 'navigating_complete', NULL),
(3, 10031003, '2025-02-11 10:40:00', 'patient_return', NULL),
(3, 10031003, '2025-02-11 10:45:00', 'arrived_to_station', NULL),

-- 2/12 최환자 대장암센터
(3, 10041004, '2025-02-12 10:45:00', 'call_with_screen', NULL),
(3, NULL, '2025-02-12 10:50:00', 'arrived_to_call', NULL),
(3, 10041004, '2025-02-12 10:55:00', 'patient_navigating', NULL),
(3, 10041004, '2025-02-12 11:05:00', 'navigating_complete', NULL),
(3, 10041004, '2025-02-12 11:10:00', 'patient_return', NULL),
(3, 10041004, '2025-02-12 11:15:00', 'arrived_to_station', NULL),

-- 2/14 김환자 위암센터
(3, 10011001, '2025-02-14 13:45:00', 'call_with_gesture', NULL),
(3, NULL, '2025-02-14 13:50:00', 'arrived_to_call', NULL),
(3, 10011001, '2025-02-14 13:55:00', 'patient_navigating', NULL),
(3, 10011001, '2025-02-14 14:05:00', 'navigating_complete', NULL),
(3, 10011001, '2025-02-14 14:10:00', 'patient_return', NULL),
(3, 10011001, '2025-02-14 14:15:00', 'arrived_to_station', NULL),

-- 2/15 이환자 폐암센터
(3, 10021002, '2025-02-15 15:15:00', 'call_with_voice', NULL),
(3, NULL, '2025-02-15 15:20:00', 'arrived_to_call', NULL),
(3, 10021002, '2025-02-15 15:25:00', 'patient_navigating', NULL),
(3, 10021002, '2025-02-15 15:35:00', 'navigating_complete', NULL),
(3, 10021002, '2025-02-15 15:40:00', 'patient_return', NULL),
(3, 10021002, '2025-02-15 15:45:00', 'arrived_to_station', NULL);

-- 2월 2주차 네비게이션 로그
INSERT INTO `navigating_log` (`robot_id`, `dttm`, `orig`, `dest`) VALUES
-- 2/10 이환자: 로비 → 초음파
(3, '2025-02-10 08:55:00', 8, 1),
(3, '2025-02-10 09:10:00', 1, 8),

-- 2/11 박환자: 로비 → X-ray
(3, '2025-02-11 10:25:00', 8, 2),
(3, '2025-02-11 10:40:00', 2, 8),

-- 2/12 최환자: 로비 → 대장암센터
(3, '2025-02-12 10:55:00', 8, 3),
(3, '2025-02-12 11:10:00', 3, 8),

-- 2/14 김환자: 로비 → 위암센터
(3, '2025-02-14 13:55:00', 8, 4),
(3, '2025-02-14 14:10:00', 4, 8),

-- 2/15 이환자: 로비 → 폐암센터
(3, '2025-02-15 15:25:00', 8, 5),
(3, '2025-02-15 15:40:00', 5, 8);

-- 2월 3주차 (2/17-2/23) 예약 데이터
INSERT INTO `reservations` (`patient_id`, `reservation_date`) VALUES
(10031003, '2025-02-17'),
(10041004, '2025-02-18'),
(10011001, '2025-02-19'),
(10021002, '2025-02-21'),
(10031003, '2025-02-22');

-- 2월 3주차 시리즈 데이터
INSERT INTO `series` (`series_id`, `department_id`, `dttm`, `status`, `patient_id`, `reservation_date`) VALUES
(40, 6, '2025-02-17 09:00:00', '완료', 10031003, '2025-02-17'),
(41, 7, '2025-02-18 10:30:00', '완료', 10041004, '2025-02-18'),
(42, 0, '2025-02-19 11:00:00', '완료', 10011001, '2025-02-19'),
(43, 1, '2025-02-21 14:00:00', '완료', 10021002, '2025-02-21'),
(44, 2, '2025-02-22 15:30:00', '완료', 10031003, '2025-02-22');

-- 2월 3주차 로봇 로그
INSERT INTO `robot_log` (`robot_id`, `patient_id`, `dttm`, `type`, `admin_id`) VALUES
-- 2/17 박환자 뇌종양센터
(3, 10031003, '2025-02-17 08:45:00', 'call_with_gesture', NULL),
(3, NULL, '2025-02-17 08:50:00', 'arrived_to_call', NULL),
(3, 10031003, '2025-02-17 08:55:00', 'patient_navigating', NULL),
(3, 10031003, '2025-02-17 09:05:00', 'navigating_complete', NULL),
(3, 10031003, '2025-02-17 09:10:00', 'patient_return', NULL),
(3, 10031003, '2025-02-17 09:15:00', 'arrived_to_station', NULL),

-- 2/18 최환자 유방암센터
(3, 10041004, '2025-02-18 10:15:00', 'call_with_voice', NULL),
(3, NULL, '2025-02-18 10:20:00', 'arrived_to_call', NULL),
(3, 10041004, '2025-02-18 10:25:00', 'patient_navigating', NULL),
(3, 10041004, '2025-02-18 10:35:00', 'navigating_complete', NULL),
(3, 10041004, '2025-02-18 10:40:00', 'patient_return', NULL),
(3, 10041004, '2025-02-18 10:45:00', 'arrived_to_station', NULL),

-- 2/19 김환자 CT 검사
(3, 10011001, '2025-02-19 10:45:00', 'call_with_screen', NULL),
(3, NULL, '2025-02-19 10:50:00', 'arrived_to_call', NULL),
(3, 10011001, '2025-02-19 10:55:00', 'patient_navigating', NULL),
(3, 10011001, '2025-02-19 11:05:00', 'navigating_complete', NULL),
(3, 10011001, '2025-02-19 11:10:00', 'patient_return', NULL),
(3, 10011001, '2025-02-19 11:15:00', 'arrived_to_station', NULL),

-- 2/21 이환자 초음파 검사
(3, 10021002, '2025-02-21 13:45:00', 'call_with_gesture', NULL),
(3, NULL, '2025-02-21 13:50:00', 'arrived_to_call', NULL),
(3, 10021002, '2025-02-21 13:55:00', 'patient_navigating', NULL),
(3, 10021002, '2025-02-21 14:05:00', 'navigating_complete', NULL),
(3, 10021002, '2025-02-21 14:10:00', 'patient_return', NULL),
(3, 10021002, '2025-02-21 14:15:00', 'arrived_to_station', NULL),

-- 2/22 박환자 X-ray 검사
(3, 10031003, '2025-02-22 15:15:00', 'call_with_voice', NULL),
(3, NULL, '2025-02-22 15:20:00', 'arrived_to_call', NULL),
(3, 10031003, '2025-02-22 15:25:00', 'patient_navigating', NULL),
(3, 10031003, '2025-02-22 15:35:00', 'navigating_complete', NULL),
(3, 10031003, '2025-02-22 15:40:00', 'patient_return', NULL),
(3, 10031003, '2025-02-22 15:45:00', 'arrived_to_station', NULL);

-- 2월 3주차 네비게이션 로그
INSERT INTO `navigating_log` (`robot_id`, `dttm`, `orig`, `dest`) VALUES
-- 2/17 박환자: 로비 → 뇌종양센터
(3, '2025-02-17 08:55:00', 8, 6),
(3, '2025-02-17 09:10:00', 6, 8),

-- 2/18 최환자: 로비 → 유방암센터
(3, '2025-02-18 10:25:00', 8, 7),
(3, '2025-02-18 10:40:00', 7, 8),

-- 2/19 김환자: 로비 → CT
(3, '2025-02-19 10:55:00', 8, 0),
(3, '2025-02-19 11:10:00', 0, 8),

-- 2/21 이환자: 로비 → 초음파
(3, '2025-02-21 13:55:00', 8, 1),
(3, '2025-02-21 14:10:00', 1, 8),

-- 2/22 박환자: 로비 → X-ray
(3, '2025-02-22 15:25:00', 8, 2),
(3, '2025-02-22 15:40:00', 2, 8);

-- 2월 4주차 (2/24-2/28) 예약 데이터
INSERT INTO `reservations` (`patient_id`, `reservation_date`) VALUES
(10041004, '2025-02-24'),
(10011001, '2025-02-25'),
(10021002, '2025-02-26'),
(10031003, '2025-02-27'),
(10041004, '2025-02-28');

-- 2월 4주차 시리즈 데이터
INSERT INTO `series` (`series_id`, `department_id`, `dttm`, `status`, `patient_id`, `reservation_date`) VALUES
(45, 3, '2025-02-24 09:00:00', '완료', 10041004, '2025-02-24'),
(46, 4, '2025-02-25 10:30:00', '완료', 10011001, '2025-02-25'),
(47, 5, '2025-02-26 11:00:00', '완료', 10021002, '2025-02-26'),
(48, 6, '2025-02-27 14:00:00', '완료', 10031003, '2025-02-27'),
(49, 7, '2025-02-28 15:30:00', '완료', 10041004, '2025-02-28');

-- 2월 4주차 로봇 로그
INSERT INTO `robot_log` (`robot_id`, `patient_id`, `dttm`, `type`, `admin_id`) VALUES
-- 2/24 최환자 대장암센터
(3, 10041004, '2025-02-24 08:45:00', 'call_with_gesture', NULL),
(3, NULL, '2025-02-24 08:50:00', 'arrived_to_call', NULL),
(3, 10041004, '2025-02-24 08:55:00', 'patient_navigating', NULL),
(3, 10041004, '2025-02-24 09:05:00', 'navigating_complete', NULL),
(3, 10041004, '2025-02-24 09:10:00', 'patient_return', NULL),
(3, 10041004, '2025-02-24 09:15:00', 'arrived_to_station', NULL),

-- 2/25 김환자 위암센터
(3, 10011001, '2025-02-25 10:15:00', 'call_with_voice', NULL),
(3, NULL, '2025-02-25 10:20:00', 'arrived_to_call', NULL),
(3, 10011001, '2025-02-25 10:25:00', 'patient_navigating', NULL),
(3, 10011001, '2025-02-25 10:35:00', 'navigating_complete', NULL),
(3, 10011001, '2025-02-25 10:40:00', 'patient_return', NULL),
(3, 10011001, '2025-02-25 10:45:00', 'arrived_to_station', NULL),

-- 2/26 이환자 폐암센터
(3, 10021002, '2025-02-26 10:45:00', 'call_with_screen', NULL),
(3, NULL, '2025-02-26 10:50:00', 'arrived_to_call', NULL),
(3, 10021002, '2025-02-26 10:55:00', 'patient_navigating', NULL),
(3, 10021002, '2025-02-26 11:05:00', 'navigating_complete', NULL),
(3, 10021002, '2025-02-26 11:10:00', 'patient_return', NULL),
(3, 10021002, '2025-02-26 11:15:00', 'arrived_to_station', NULL),

-- 2/27 박환자 뇌종양센터
(3, 10031003, '2025-02-27 13:45:00', 'call_with_gesture', NULL),
(3, NULL, '2025-02-27 13:50:00', 'arrived_to_call', NULL),
(3, 10031003, '2025-02-27 13:55:00', 'patient_navigating', NULL),
(3, 10031003, '2025-02-27 14:05:00', 'navigating_complete', NULL),
(3, 10031003, '2025-02-27 14:10:00', 'patient_return', NULL),
(3, 10031003, '2025-02-27 14:15:00', 'arrived_to_station', NULL),

-- 2/28 최환자 유방암센터
(3, 10041004, '2025-02-28 15:15:00', 'call_with_voice', NULL),
(3, NULL, '2025-02-28 15:20:00', 'arrived_to_call', NULL),
(3, 10041004, '2025-02-28 15:25:00', 'patient_navigating', NULL),
(3, 10041004, '2025-02-28 15:35:00', 'navigating_complete', NULL),
(3, 10041004, '2025-02-28 15:40:00', 'patient_return', NULL),
(3, 10041004, '2025-02-28 15:45:00', 'arrived_to_station', NULL);

-- 2월 4주차 네비게이션 로그
INSERT INTO `navigating_log` (`robot_id`, `dttm`, `orig`, `dest`) VALUES
-- 2/24 최환자: 로비 → 대장암센터
(3, '2025-02-24 08:55:00', 8, 3),
(3, '2025-02-24 09:10:00', 3, 8),

-- 2/25 김환자: 로비 → 위암센터
(3, '2025-02-25 10:25:00', 8, 4),
(3, '2025-02-25 10:40:00', 4, 8),

-- 2/26 이환자: 로비 → 폐암센터
(3, '2025-02-26 10:55:00', 8, 5),
(3, '2025-02-26 11:10:00', 5, 8),

-- 2/27 박환자: 로비 → 뇌종양센터
(3, '2025-02-27 13:55:00', 8, 6),
(3, '2025-02-27 14:10:00', 6, 8),

-- 2/28 최환자: 로비 → 유방암센터
(3, '2025-02-28 15:25:00', 8, 7),
(3, '2025-02-28 15:40:00', 7, 8);

-- =====================================
-- 2025년 3월 더미 데이터 추가
-- =====================================

-- 3월 1주차 (3/3-3/9) 예약 데이터
INSERT INTO `reservations` (`patient_id`, `reservation_date`) VALUES
(10011001, '2025-03-03'),
(10021002, '2025-03-04'),
(10031003, '2025-03-05'),
(10041004, '2025-03-07'),
(10011001, '2025-03-08');

-- 3월 1주차 시리즈 데이터
INSERT INTO `series` (`series_id`, `department_id`, `dttm`, `status`, `patient_id`, `reservation_date`) VALUES
(50, 0, '2025-03-03 09:00:00', '완료', 10011001, '2025-03-03'),
(51, 1, '2025-03-04 10:30:00', '완료', 10021002, '2025-03-04'),
(52, 2, '2025-03-05 11:00:00', '완료', 10031003, '2025-03-05'),
(53, 3, '2025-03-07 14:00:00', '완료', 10041004, '2025-03-07'),
(54, 4, '2025-03-08 15:30:00', '완료', 10011001, '2025-03-08');

-- 3월 1주차 로봇 로그
INSERT INTO `robot_log` (`robot_id`, `patient_id`, `dttm`, `type`, `admin_id`) VALUES
-- 3/3 김환자 CT 검사
(3, 10011001, '2025-03-03 08:45:00', 'call_with_gesture', NULL),
(3, NULL, '2025-03-03 08:50:00', 'arrived_to_call', NULL),
(3, 10011001, '2025-03-03 08:55:00', 'patient_navigating', NULL),
(3, 10011001, '2025-03-03 09:05:00', 'navigating_complete', NULL),
(3, 10011001, '2025-03-03 09:10:00', 'patient_return', NULL),
(3, 10011001, '2025-03-03 09:15:00', 'arrived_to_station', NULL),

-- 3/4 이환자 초음파 검사
(3, 10021002, '2025-03-04 10:15:00', 'call_with_voice', NULL),
(3, NULL, '2025-03-04 10:20:00', 'arrived_to_call', NULL),
(3, 10021002, '2025-03-04 10:25:00', 'patient_navigating', NULL),
(3, 10021002, '2025-03-04 10:35:00', 'navigating_complete', NULL),
(3, 10021002, '2025-03-04 10:40:00', 'patient_return', NULL),
(3, 10021002, '2025-03-04 10:45:00', 'arrived_to_station', NULL),

-- 3/5 박환자 X-ray 검사
(3, 10031003, '2025-03-05 10:45:00', 'call_with_screen', NULL),
(3, NULL, '2025-03-05 10:50:00', 'arrived_to_call', NULL),
(3, 10031003, '2025-03-05 10:55:00', 'patient_navigating', NULL),
(3, 10031003, '2025-03-05 11:05:00', 'navigating_complete', NULL),
(3, 10031003, '2025-03-05 11:10:00', 'patient_return', NULL),
(3, 10031003, '2025-03-05 11:15:00', 'arrived_to_station', NULL),

-- 3/7 최환자 대장암센터
(3, 10041004, '2025-03-07 13:45:00', 'call_with_gesture', NULL),
(3, NULL, '2025-03-07 13:50:00', 'arrived_to_call', NULL),
(3, 10041004, '2025-03-07 13:55:00', 'patient_navigating', NULL),
(3, 10041004, '2025-03-07 14:05:00', 'navigating_complete', NULL),
(3, 10041004, '2025-03-07 14:10:00', 'patient_return', NULL),
(3, 10041004, '2025-03-07 14:15:00', 'arrived_to_station', NULL),

-- 3/8 김환자 위암센터
(3, 10011001, '2025-03-08 15:15:00', 'call_with_voice', NULL),
(3, NULL, '2025-03-08 15:20:00', 'arrived_to_call', NULL),
(3, 10011001, '2025-03-08 15:25:00', 'patient_navigating', NULL),
(3, 10011001, '2025-03-08 15:35:00', 'navigating_complete', NULL),
(3, 10011001, '2025-03-08 15:40:00', 'patient_return', NULL),
(3, 10011001, '2025-03-08 15:45:00', 'arrived_to_station', NULL);

-- 3월 1주차 네비게이션 로그
INSERT INTO `navigating_log` (`robot_id`, `dttm`, `orig`, `dest`) VALUES
-- 3/3 김환자: 로비 → CT
(3, '2025-03-03 08:55:00', 8, 0),
(3, '2025-03-03 09:10:00', 0, 8),

-- 3/4 이환자: 로비 → 초음파
(3, '2025-03-04 10:25:00', 8, 1),
(3, '2025-03-04 10:40:00', 1, 8),

-- 3/5 박환자: 로비 → X-ray
(3, '2025-03-05 10:55:00', 8, 2),
(3, '2025-03-05 11:10:00', 2, 8),

-- 3/7 최환자: 로비 → 대장암센터
(3, '2025-03-07 13:55:00', 8, 3),
(3, '2025-03-07 14:10:00', 3, 8),

-- 3/8 김환자: 로비 → 위암센터
(3, '2025-03-08 15:25:00', 8, 4),
(3, '2025-03-08 15:40:00', 4, 8);

-- 3월 2주차 (3/10-3/16) 예약 데이터
INSERT INTO `reservations` (`patient_id`, `reservation_date`) VALUES
(10021002, '2025-03-10'),
(10031003, '2025-03-11'),
(10041004, '2025-03-12'),
(10011001, '2025-03-14'),
(10021002, '2025-03-15');

-- 3월 2주차 시리즈 데이터
INSERT INTO `series` (`series_id`, `department_id`, `dttm`, `status`, `patient_id`, `reservation_date`) VALUES
(55, 5, '2025-03-10 09:00:00', '완료', 10021002, '2025-03-10'),
(56, 6, '2025-03-11 10:30:00', '완료', 10031003, '2025-03-11'),
(57, 7, '2025-03-12 11:00:00', '완료', 10041004, '2025-03-12'),
(58, 0, '2025-03-14 14:00:00', '완료', 10011001, '2025-03-14'),
(59, 1, '2025-03-15 15:30:00', '완료', 10021002, '2025-03-15');

-- 3월 2주차 로봇 로그
INSERT INTO `robot_log` (`robot_id`, `patient_id`, `dttm`, `type`, `admin_id`) VALUES
-- 3/10 이환자 폐암센터
(3, 10021002, '2025-03-10 08:45:00', 'call_with_gesture', NULL),
(3, NULL, '2025-03-10 08:50:00', 'arrived_to_call', NULL),
(3, 10021002, '2025-03-10 08:55:00', 'patient_navigating', NULL),
(3, 10021002, '2025-03-10 09:05:00', 'navigating_complete', NULL),
(3, 10021002, '2025-03-10 09:10:00', 'patient_return', NULL),
(3, 10021002, '2025-03-10 09:15:00', 'arrived_to_station', NULL),

-- 3/11 박환자 뇌종양센터
(3, 10031003, '2025-03-11 10:15:00', 'call_with_voice', NULL),
(3, NULL, '2025-03-11 10:20:00', 'arrived_to_call', NULL),
(3, 10031003, '2025-03-11 10:25:00', 'patient_navigating', NULL),
(3, 10031003, '2025-03-11 10:35:00', 'navigating_complete', NULL),
(3, 10031003, '2025-03-11 10:40:00', 'patient_return', NULL),
(3, 10031003, '2025-03-11 10:45:00', 'arrived_to_station', NULL),

-- 3/12 최환자 유방암센터
(3, 10041004, '2025-03-12 10:45:00', 'call_with_screen', NULL),
(3, NULL, '2025-03-12 10:50:00', 'arrived_to_call', NULL),
(3, 10041004, '2025-03-12 10:55:00', 'patient_navigating', NULL),
(3, 10041004, '2025-03-12 11:05:00', 'navigating_complete', NULL),
(3, 10041004, '2025-03-12 11:10:00', 'patient_return', NULL),
(3, 10041004, '2025-03-12 11:15:00', 'arrived_to_station', NULL),

-- 3/14 김환자 CT 검사
(3, 10011001, '2025-03-14 13:45:00', 'call_with_gesture', NULL),
(3, NULL, '2025-03-14 13:50:00', 'arrived_to_call', NULL),
(3, 10011001, '2025-03-14 13:55:00', 'patient_navigating', NULL),
(3, 10011001, '2025-03-14 14:05:00', 'navigating_complete', NULL),
(3, 10011001, '2025-03-14 14:10:00', 'patient_return', NULL),
(3, 10011001, '2025-03-14 14:15:00', 'arrived_to_station', NULL),

-- 3/15 이환자 초음파 검사
(3, 10021002, '2025-03-15 15:15:00', 'call_with_voice', NULL),
(3, NULL, '2025-03-15 15:20:00', 'arrived_to_call', NULL),
(3, 10021002, '2025-03-15 15:25:00', 'patient_navigating', NULL),
(3, 10021002, '2025-03-15 15:35:00', 'navigating_complete', NULL),
(3, 10021002, '2025-03-15 15:40:00', 'patient_return', NULL),
(3, 10021002, '2025-03-15 15:45:00', 'arrived_to_station', NULL);

-- 3월 2주차 네비게이션 로그
INSERT INTO `navigating_log` (`robot_id`, `dttm`, `orig`, `dest`) VALUES
-- 3/10 이환자: 로비 → 폐암센터
(3, '2025-03-10 08:55:00', 8, 5),
(3, '2025-03-10 09:10:00', 5, 8),

-- 3/11 박환자: 로비 → 뇌종양센터
(3, '2025-03-11 10:25:00', 8, 6),
(3, '2025-03-11 10:40:00', 6, 8),

-- 3/12 최환자: 로비 → 유방암센터
(3, '2025-03-12 10:55:00', 8, 7),
(3, '2025-03-12 11:10:00', 7, 8),

-- 3/14 김환자: 로비 → CT
(3, '2025-03-14 13:55:00', 8, 0),
(3, '2025-03-14 14:10:00', 0, 8),

-- 3/15 이환자: 로비 → 초음파
(3, '2025-03-15 15:25:00', 8, 1),
(3, '2025-03-15 15:40:00', 1, 8);

-- 3월 3주차 (3/17-3/23) 예약 데이터
INSERT INTO `reservations` (`patient_id`, `reservation_date`) VALUES
(10031003, '2025-03-17'),
(10041004, '2025-03-18'),
(10011001, '2025-03-19'),
(10021002, '2025-03-21'),
(10031003, '2025-03-22');

-- 3월 3주차 시리즈 데이터
INSERT INTO `series` (`series_id`, `department_id`, `dttm`, `status`, `patient_id`, `reservation_date`) VALUES
(60, 2, '2025-03-17 09:00:00', '완료', 10031003, '2025-03-17'),
(61, 3, '2025-03-18 10:30:00', '완료', 10041004, '2025-03-18'),
(62, 4, '2025-03-19 11:00:00', '완료', 10011001, '2025-03-19'),
(63, 5, '2025-03-21 14:00:00', '완료', 10021002, '2025-03-21'),
(64, 6, '2025-03-22 15:30:00', '완료', 10031003, '2025-03-22');

-- 3월 3주차 로봇 로그
INSERT INTO `robot_log` (`robot_id`, `patient_id`, `dttm`, `type`, `admin_id`) VALUES
-- 3/17 박환자 X-ray 검사
(3, 10031003, '2025-03-17 08:45:00', 'call_with_gesture', NULL),
(3, NULL, '2025-03-17 08:50:00', 'arrived_to_call', NULL),
(3, 10031003, '2025-03-17 08:55:00', 'patient_navigating', NULL),
(3, 10031003, '2025-03-17 09:05:00', 'navigating_complete', NULL),
(3, 10031003, '2025-03-17 09:10:00', 'patient_return', NULL),
(3, 10031003, '2025-03-17 09:15:00', 'arrived_to_station', NULL),

-- 3/18 최환자 대장암센터
(3, 10041004, '2025-03-18 10:15:00', 'call_with_voice', NULL),
(3, NULL, '2025-03-18 10:20:00', 'arrived_to_call', NULL),
(3, 10041004, '2025-03-18 10:25:00', 'patient_navigating', NULL),
(3, 10041004, '2025-03-18 10:35:00', 'navigating_complete', NULL),
(3, 10041004, '2025-03-18 10:40:00', 'patient_return', NULL),
(3, 10041004, '2025-03-18 10:45:00', 'arrived_to_station', NULL),

-- 3/19 김환자 위암센터
(3, 10011001, '2025-03-19 10:45:00', 'call_with_screen', NULL),
(3, NULL, '2025-03-19 10:50:00', 'arrived_to_call', NULL),
(3, 10011001, '2025-03-19 10:55:00', 'patient_navigating', NULL),
(3, 10011001, '2025-03-19 11:05:00', 'navigating_complete', NULL),
(3, 10011001, '2025-03-19 11:10:00', 'patient_return', NULL),
(3, 10011001, '2025-03-19 11:15:00', 'arrived_to_station', NULL),

-- 3/21 이환자 폐암센터
(3, 10021002, '2025-03-21 13:45:00', 'call_with_gesture', NULL),
(3, NULL, '2025-03-21 13:50:00', 'arrived_to_call', NULL),
(3, 10021002, '2025-03-21 13:55:00', 'patient_navigating', NULL),
(3, 10021002, '2025-03-21 14:05:00', 'navigating_complete', NULL),
(3, 10021002, '2025-03-21 14:10:00', 'patient_return', NULL),
(3, 10021002, '2025-03-21 14:15:00', 'arrived_to_station', NULL),

-- 3/22 박환자 뇌종양센터
(3, 10031003, '2025-03-22 15:15:00', 'call_with_voice', NULL),
(3, NULL, '2025-03-22 15:20:00', 'arrived_to_call', NULL),
(3, 10031003, '2025-03-22 15:25:00', 'patient_navigating', NULL),
(3, 10031003, '2025-03-22 15:35:00', 'navigating_complete', NULL),
(3, 10031003, '2025-03-22 15:40:00', 'patient_return', NULL),
(3, 10031003, '2025-03-22 15:45:00', 'arrived_to_station', NULL);

-- 3월 3주차 네비게이션 로그
INSERT INTO `navigating_log` (`robot_id`, `dttm`, `orig`, `dest`) VALUES
-- 3/17 박환자: 로비 → X-ray
(3, '2025-03-17 08:55:00', 8, 2),
(3, '2025-03-17 09:10:00', 2, 8),

-- 3/18 최환자: 로비 → 대장암센터
(3, '2025-03-18 10:25:00', 8, 3),
(3, '2025-03-18 10:40:00', 3, 8),

-- 3/19 김환자: 로비 → 위암센터
(3, '2025-03-19 10:55:00', 8, 4),
(3, '2025-03-19 11:10:00', 4, 8),

-- 3/21 이환자: 로비 → 폐암센터
(3, '2025-03-21 13:55:00', 8, 5),
(3, '2025-03-21 14:10:00', 5, 8),

-- 3/22 박환자: 로비 → 뇌종양센터
(3, '2025-03-22 15:25:00', 8, 6),
(3, '2025-03-22 15:40:00', 6, 8);

-- 3월 4주차 (3/24-3/30) 예약 데이터
INSERT INTO `reservations` (`patient_id`, `reservation_date`) VALUES
(10041004, '2025-03-24'),
(10011001, '2025-03-25'),
(10021002, '2025-03-26'),
(10031003, '2025-03-27'),
(10041004, '2025-03-28');

-- 3월 4주차 시리즈 데이터
INSERT INTO `series` (`series_id`, `department_id`, `dttm`, `status`, `patient_id`, `reservation_date`) VALUES
(65, 7, '2025-03-24 09:00:00', '완료', 10041004, '2025-03-24'),
(66, 0, '2025-03-25 10:30:00', '완료', 10011001, '2025-03-25'),
(67, 1, '2025-03-26 11:00:00', '완료', 10021002, '2025-03-26'),
(68, 2, '2025-03-27 14:00:00', '완료', 10031003, '2025-03-27'),
(69, 3, '2025-03-28 15:30:00', '완료', 10041004, '2025-03-28');

-- 3월 4주차 로봇 로그
INSERT INTO `robot_log` (`robot_id`, `patient_id`, `dttm`, `type`, `admin_id`) VALUES
-- 3/24 최환자 유방암센터
(3, 10041004, '2025-03-24 08:45:00', 'call_with_gesture', NULL),
(3, NULL, '2025-03-24 08:50:00', 'arrived_to_call', NULL),
(3, 10041004, '2025-03-24 08:55:00', 'patient_navigating', NULL),
(3, 10041004, '2025-03-24 09:05:00', 'navigating_complete', NULL),
(3, 10041004, '2025-03-24 09:10:00', 'patient_return', NULL),
(3, 10041004, '2025-03-24 09:15:00', 'arrived_to_station', NULL),

-- 3/25 김환자 CT 검사
(3, 10011001, '2025-03-25 10:15:00', 'call_with_voice', NULL),
(3, NULL, '2025-03-25 10:20:00', 'arrived_to_call', NULL),
(3, 10011001, '2025-03-25 10:25:00', 'patient_navigating', NULL),
(3, 10011001, '2025-03-25 10:35:00', 'navigating_complete', NULL),
(3, 10011001, '2025-03-25 10:40:00', 'patient_return', NULL),
(3, 10011001, '2025-03-25 10:45:00', 'arrived_to_station', NULL),

-- 3/26 이환자 초음파 검사
(3, 10021002, '2025-03-26 10:45:00', 'call_with_screen', NULL),
(3, NULL, '2025-03-26 10:50:00', 'arrived_to_call', NULL),
(3, 10021002, '2025-03-26 10:55:00', 'patient_navigating', NULL),
(3, 10021002, '2025-03-26 11:05:00', 'navigating_complete', NULL),
(3, 10021002, '2025-03-26 11:10:00', 'patient_return', NULL),
(3, 10021002, '2025-03-26 11:15:00', 'arrived_to_station', NULL),

-- 3/27 박환자 X-ray 검사
(3, 10031003, '2025-03-27 13:45:00', 'call_with_gesture', NULL),
(3, NULL, '2025-03-27 13:50:00', 'arrived_to_call', NULL),
(3, 10031003, '2025-03-27 13:55:00', 'patient_navigating', NULL),
(3, 10031003, '2025-03-27 14:05:00', 'navigating_complete', NULL),
(3, 10031003, '2025-03-27 14:10:00', 'patient_return', NULL),
(3, 10031003, '2025-03-27 14:15:00', 'arrived_to_station', NULL),

-- 3/28 최환자 대장암센터
(3, 10041004, '2025-03-28 15:15:00', 'call_with_voice', NULL),
(3, NULL, '2025-03-28 15:20:00', 'arrived_to_call', NULL),
(3, 10041004, '2025-03-28 15:25:00', 'patient_navigating', NULL),
(3, 10041004, '2025-03-28 15:35:00', 'navigating_complete', NULL),
(3, 10041004, '2025-03-28 15:40:00', 'patient_return', NULL),
(3, 10041004, '2025-03-28 15:45:00', 'arrived_to_station', NULL);

-- 3월 4주차 네비게이션 로그
INSERT INTO `navigating_log` (`robot_id`, `dttm`, `orig`, `dest`) VALUES
-- 3/24 최환자: 로비 → 유방암센터
(3, '2025-03-24 08:55:00', 8, 7),
(3, '2025-03-24 09:10:00', 7, 8),

-- 3/25 김환자: 로비 → CT
(3, '2025-03-25 10:25:00', 8, 0),
(3, '2025-03-25 10:40:00', 0, 8),

-- 3/26 이환자: 로비 → 초음파
(3, '2025-03-26 10:55:00', 8, 1),
(3, '2025-03-26 11:10:00', 1, 8),

-- 3/27 박환자: 로비 → X-ray
(3, '2025-03-27 13:55:00', 8, 2),
(3, '2025-03-27 14:10:00', 2, 8),

-- 3/28 최환자: 로비 → 대장암센터
(3, '2025-03-28 15:25:00', 8, 3),
(3, '2025-03-28 15:40:00', 3, 8);

-- =====================================
-- 2025년 4월 더미 데이터 추가
-- =====================================

-- 4월 1주차 (4/7-4/13) 예약 데이터
INSERT INTO `reservations` (`patient_id`, `reservation_date`) VALUES
(10011001, '2025-04-07'),
(10021002, '2025-04-08'),
(10031003, '2025-04-09'),
(10041004, '2025-04-11'),
(10011001, '2025-04-12');

-- 4월 1주차 시리즈 데이터
INSERT INTO `series` (`series_id`, `department_id`, `dttm`, `status`, `patient_id`, `reservation_date`) VALUES
(70, 4, '2025-04-07 09:00:00', '완료', 10011001, '2025-04-07'),
(71, 5, '2025-04-08 10:30:00', '완료', 10021002, '2025-04-08'),
(72, 6, '2025-04-09 11:00:00', '완료', 10031003, '2025-04-09'),
(73, 7, '2025-04-11 14:00:00', '완료', 10041004, '2025-04-11'),
(74, 0, '2025-04-12 15:30:00', '완료', 10011001, '2025-04-12');

-- 4월 1주차 로봇 로그
INSERT INTO `robot_log` (`robot_id`, `patient_id`, `dttm`, `type`, `admin_id`) VALUES
-- 4/7 김환자 위암센터
(3, 10011001, '2025-04-07 08:45:00', 'call_with_gesture', NULL),
(3, NULL, '2025-04-07 08:50:00', 'arrived_to_call', NULL),
(3, 10011001, '2025-04-07 08:55:00', 'patient_navigating', NULL),
(3, 10011001, '2025-04-07 09:05:00', 'navigating_complete', NULL),
(3, 10011001, '2025-04-07 09:10:00', 'patient_return', NULL),
(3, 10011001, '2025-04-07 09:15:00', 'arrived_to_station', NULL),

-- 4/8 이환자 폐암센터
(3, 10021002, '2025-04-08 10:15:00', 'call_with_voice', NULL),
(3, NULL, '2025-04-08 10:20:00', 'arrived_to_call', NULL),
(3, 10021002, '2025-04-08 10:25:00', 'patient_navigating', NULL),
(3, 10021002, '2025-04-08 10:35:00', 'navigating_complete', NULL),
(3, 10021002, '2025-04-08 10:40:00', 'patient_return', NULL),
(3, 10021002, '2025-04-08 10:45:00', 'arrived_to_station', NULL),

-- 4/9 박환자 뇌종양센터
(3, 10031003, '2025-04-09 10:45:00', 'call_with_screen', NULL),
(3, NULL, '2025-04-09 10:50:00', 'arrived_to_call', NULL),
(3, 10031003, '2025-04-09 10:55:00', 'patient_navigating', NULL),
(3, 10031003, '2025-04-09 11:05:00', 'navigating_complete', NULL),
(3, 10031003, '2025-04-09 11:10:00', 'patient_return', NULL),
(3, 10031003, '2025-04-09 11:15:00', 'arrived_to_station', NULL),

-- 4/11 최환자 유방암센터
(3, 10041004, '2025-04-11 13:45:00', 'call_with_gesture', NULL),
(3, NULL, '2025-04-11 13:50:00', 'arrived_to_call', NULL),
(3, 10041004, '2025-04-11 13:55:00', 'patient_navigating', NULL),
(3, 10041004, '2025-04-11 14:05:00', 'navigating_complete', NULL),
(3, 10041004, '2025-04-11 14:10:00', 'patient_return', NULL),
(3, 10041004, '2025-04-11 14:15:00', 'arrived_to_station', NULL),

-- 4/12 김환자 CT 검사
(3, 10011001, '2025-04-12 15:15:00', 'call_with_voice', NULL),
(3, NULL, '2025-04-12 15:20:00', 'arrived_to_call', NULL),
(3, 10011001, '2025-04-12 15:25:00', 'patient_navigating', NULL),
(3, 10011001, '2025-04-12 15:35:00', 'navigating_complete', NULL),
(3, 10011001, '2025-04-12 15:40:00', 'patient_return', NULL),
(3, 10011001, '2025-04-12 15:45:00', 'arrived_to_station', NULL);

-- 4월 1주차 네비게이션 로그
INSERT INTO `navigating_log` (`robot_id`, `dttm`, `orig`, `dest`) VALUES
-- 4/7 김환자: 로비 → 위암센터
(3, '2025-04-07 08:55:00', 8, 4),
(3, '2025-04-07 09:10:00', 4, 8),

-- 4/8 이환자: 로비 → 폐암센터
(3, '2025-04-08 10:25:00', 8, 5),
(3, '2025-04-08 10:40:00', 5, 8),

-- 4/9 박환자: 로비 → 뇌종양센터
(3, '2025-04-09 10:55:00', 8, 6),
(3, '2025-04-09 11:10:00', 6, 8),

-- 4/11 최환자: 로비 → 유방암센터
(3, '2025-04-11 13:55:00', 8, 7),
(3, '2025-04-11 14:10:00', 7, 8),

-- 4/12 김환자: 로비 → CT
(3, '2025-04-12 15:25:00', 8, 0),
(3, '2025-04-12 15:40:00', 0, 8);

-- 4월 2주차 (4/14-4/20) 예약 데이터
INSERT INTO `reservations` (`patient_id`, `reservation_date`) VALUES
(10021002, '2025-04-14'),
(10031003, '2025-04-15'),
(10041004, '2025-04-16'),
(10011001, '2025-04-18'),
(10021002, '2025-04-19');

-- 4월 2주차 시리즈 데이터
INSERT INTO `series` (`series_id`, `department_id`, `dttm`, `status`, `patient_id`, `reservation_date`) VALUES
(75, 1, '2025-04-14 09:00:00', '완료', 10021002, '2025-04-14'),
(76, 2, '2025-04-15 10:30:00', '완료', 10031003, '2025-04-15'),
(77, 3, '2025-04-16 11:00:00', '완료', 10041004, '2025-04-16'),
(78, 4, '2025-04-18 14:00:00', '완료', 10011001, '2025-04-18'),
(79, 5, '2025-04-19 15:30:00', '완료', 10021002, '2025-04-19');

-- 4월 2주차 로봇 로그
INSERT INTO `robot_log` (`robot_id`, `patient_id`, `dttm`, `type`, `admin_id`) VALUES
-- 4/14 이환자 초음파 검사
(3, 10021002, '2025-04-14 08:45:00', 'call_with_gesture', NULL),
(3, NULL, '2025-04-14 08:50:00', 'arrived_to_call', NULL),
(3, 10021002, '2025-04-14 08:55:00', 'patient_navigating', NULL),
(3, 10021002, '2025-04-14 09:05:00', 'navigating_complete', NULL),
(3, 10021002, '2025-04-14 09:10:00', 'patient_return', NULL),
(3, 10021002, '2025-04-14 09:15:00', 'arrived_to_station', NULL),

-- 4/15 박환자 X-ray 검사
(3, 10031003, '2025-04-15 10:15:00', 'call_with_voice', NULL),
(3, NULL, '2025-04-15 10:20:00', 'arrived_to_call', NULL),
(3, 10031003, '2025-04-15 10:25:00', 'patient_navigating', NULL),
(3, 10031003, '2025-04-15 10:35:00', 'navigating_complete', NULL),
(3, 10031003, '2025-04-15 10:40:00', 'patient_return', NULL),
(3, 10031003, '2025-04-15 10:45:00', 'arrived_to_station', NULL),

-- 4/16 최환자 대장암센터
(3, 10041004, '2025-04-16 10:45:00', 'call_with_screen', NULL),
(3, NULL, '2025-04-16 10:50:00', 'arrived_to_call', NULL),
(3, 10041004, '2025-04-16 10:55:00', 'patient_navigating', NULL),
(3, 10041004, '2025-04-16 11:05:00', 'navigating_complete', NULL),
(3, 10041004, '2025-04-16 11:10:00', 'patient_return', NULL),
(3, 10041004, '2025-04-16 11:15:00', 'arrived_to_station', NULL),

-- 4/18 김환자 위암센터
(3, 10011001, '2025-04-18 13:45:00', 'call_with_gesture', NULL),
(3, NULL, '2025-04-18 13:50:00', 'arrived_to_call', NULL),
(3, 10011001, '2025-04-18 13:55:00', 'patient_navigating', NULL),
(3, 10011001, '2025-04-18 14:05:00', 'navigating_complete', NULL),
(3, 10011001, '2025-04-18 14:10:00', 'patient_return', NULL),
(3, 10011001, '2025-04-18 14:15:00', 'arrived_to_station', NULL),

-- 4/19 이환자 폐암센터
(3, 10021002, '2025-04-19 15:15:00', 'call_with_voice', NULL),
(3, NULL, '2025-04-19 15:20:00', 'arrived_to_call', NULL),
(3, 10021002, '2025-04-19 15:25:00', 'patient_navigating', NULL),
(3, 10021002, '2025-04-19 15:35:00', 'navigating_complete', NULL),
(3, 10021002, '2025-04-19 15:40:00', 'patient_return', NULL),
(3, 10021002, '2025-04-19 15:45:00', 'arrived_to_station', NULL);

-- 4월 2주차 네비게이션 로그
INSERT INTO `navigating_log` (`robot_id`, `dttm`, `orig`, `dest`) VALUES
-- 4/14 이환자: 로비 → 초음파
(3, '2025-04-14 08:55:00', 8, 1),
(3, '2025-04-14 09:10:00', 1, 8),

-- 4/15 박환자: 로비 → X-ray
(3, '2025-04-15 10:25:00', 8, 2),
(3, '2025-04-15 10:40:00', 2, 8),

-- 4/16 최환자: 로비 → 대장암센터
(3, '2025-04-16 10:55:00', 8, 3),
(3, '2025-04-16 11:10:00', 3, 8),

-- 4/18 김환자: 로비 → 위암센터
(3, '2025-04-18 13:55:00', 8, 4),
(3, '2025-04-18 14:10:00', 4, 8),

-- 4/19 이환자: 로비 → 폐암센터
(3, '2025-04-19 15:25:00', 8, 5),
(3, '2025-04-19 15:40:00', 5, 8);

-- 4월 3주차 (4/21-4/27) 예약 데이터
INSERT INTO `reservations` (`patient_id`, `reservation_date`) VALUES
(10031003, '2025-04-21'),
(10041004, '2025-04-22'),
(10011001, '2025-04-23'),
(10021002, '2025-04-25'),
(10031003, '2025-04-26');

-- 4월 3주차 시리즈 데이터
INSERT INTO `series` (`series_id`, `department_id`, `dttm`, `status`, `patient_id`, `reservation_date`) VALUES
(80, 6, '2025-04-21 09:00:00', '완료', 10031003, '2025-04-21'),
(81, 7, '2025-04-22 10:30:00', '완료', 10041004, '2025-04-22'),
(82, 0, '2025-04-23 11:00:00', '완료', 10011001, '2025-04-23'),
(83, 1, '2025-04-25 14:00:00', '완료', 10021002, '2025-04-25'),
(84, 2, '2025-04-26 15:30:00', '완료', 10031003, '2025-04-26');

-- 4월 3주차 로봇 로그
INSERT INTO `robot_log` (`robot_id`, `patient_id`, `dttm`, `type`, `admin_id`) VALUES
-- 4/21 박환자 뇌종양센터
(3, 10031003, '2025-04-21 08:45:00', 'call_with_gesture', NULL),
(3, NULL, '2025-04-21 08:50:00', 'arrived_to_call', NULL),
(3, 10031003, '2025-04-21 08:55:00', 'patient_navigating', NULL),
(3, 10031003, '2025-04-21 09:05:00', 'navigating_complete', NULL),
(3, 10031003, '2025-04-21 09:10:00', 'patient_return', NULL),
(3, 10031003, '2025-04-21 09:15:00', 'arrived_to_station', NULL),

-- 4/22 최환자 유방암센터
(3, 10041004, '2025-04-22 10:15:00', 'call_with_voice', NULL),
(3, NULL, '2025-04-22 10:20:00', 'arrived_to_call', NULL),
(3, 10041004, '2025-04-22 10:25:00', 'patient_navigating', NULL),
(3, 10041004, '2025-04-22 10:35:00', 'navigating_complete', NULL),
(3, 10041004, '2025-04-22 10:40:00', 'patient_return', NULL),
(3, 10041004, '2025-04-22 10:45:00', 'arrived_to_station', NULL),

-- 4/23 김환자 CT 검사
(3, 10011001, '2025-04-23 10:45:00', 'call_with_screen', NULL),
(3, NULL, '2025-04-23 10:50:00', 'arrived_to_call', NULL),
(3, 10011001, '2025-04-23 10:55:00', 'patient_navigating', NULL),
(3, 10011001, '2025-04-23 11:05:00', 'navigating_complete', NULL),
(3, 10011001, '2025-04-23 11:10:00', 'patient_return', NULL),
(3, 10011001, '2025-04-23 11:15:00', 'arrived_to_station', NULL),

-- 4/25 이환자 초음파 검사
(3, 10021002, '2025-04-25 13:45:00', 'call_with_gesture', NULL),
(3, NULL, '2025-04-25 13:50:00', 'arrived_to_call', NULL),
(3, 10021002, '2025-04-25 13:55:00', 'patient_navigating', NULL),
(3, 10021002, '2025-04-25 14:05:00', 'navigating_complete', NULL),
(3, 10021002, '2025-04-25 14:10:00', 'patient_return', NULL),
(3, 10021002, '2025-04-25 14:15:00', 'arrived_to_station', NULL),

-- 4/26 박환자 X-ray 검사
(3, 10031003, '2025-04-26 15:15:00', 'call_with_voice', NULL),
(3, NULL, '2025-04-26 15:20:00', 'arrived_to_call', NULL),
(3, 10031003, '2025-04-26 15:25:00', 'patient_navigating', NULL),
(3, 10031003, '2025-04-26 15:35:00', 'navigating_complete', NULL),
(3, 10031003, '2025-04-26 15:40:00', 'patient_return', NULL),
(3, 10031003, '2025-04-26 15:45:00', 'arrived_to_station', NULL);

-- 4월 3주차 네비게이션 로그
INSERT INTO `navigating_log` (`robot_id`, `dttm`, `orig`, `dest`) VALUES
-- 4/21 박환자: 로비 → 뇌종양센터
(3, '2025-04-21 08:55:00', 8, 6),
(3, '2025-04-21 09:10:00', 6, 8),

-- 4/22 최환자: 로비 → 유방암센터
(3, '2025-04-22 10:25:00', 8, 7),
(3, '2025-04-22 10:40:00', 7, 8),

-- 4/23 김환자: 로비 → CT
(3, '2025-04-23 10:55:00', 8, 0),
(3, '2025-04-23 11:10:00', 0, 8),

-- 4/25 이환자: 로비 → 초음파
(3, '2025-04-25 13:55:00', 8, 1),
(3, '2025-04-25 14:10:00', 1, 8),

-- 4/26 박환자: 로비 → X-ray
(3, '2025-04-26 15:25:00', 8, 2),
(3, '2025-04-26 15:40:00', 2, 8);

-- 4월 4주차 (4/28-4/30) 예약 데이터
INSERT INTO `reservations` (`patient_id`, `reservation_date`) VALUES
(10041004, '2025-04-28'),
(10011001, '2025-04-29'),
(10021002, '2025-04-30');

-- 4월 4주차 시리즈 데이터
INSERT INTO `series` (`series_id`, `department_id`, `dttm`, `status`, `patient_id`, `reservation_date`) VALUES
(85, 3, '2025-04-28 09:00:00', '완료', 10041004, '2025-04-28'),
(86, 4, '2025-04-29 10:30:00', '완료', 10011001, '2025-04-29'),
(87, 5, '2025-04-30 11:00:00', '완료', 10021002, '2025-04-30');

-- 4월 4주차 로봇 로그
INSERT INTO `robot_log` (`robot_id`, `patient_id`, `dttm`, `type`, `admin_id`) VALUES
-- 4/28 최환자 대장암센터
(3, 10041004, '2025-04-28 08:45:00', 'call_with_gesture', NULL),
(3, NULL, '2025-04-28 08:50:00', 'arrived_to_call', NULL),
(3, 10041004, '2025-04-28 08:55:00', 'patient_navigating', NULL),
(3, 10041004, '2025-04-28 09:05:00', 'navigating_complete', NULL),
(3, 10041004, '2025-04-28 09:10:00', 'patient_return', NULL),
(3, 10041004, '2025-04-28 09:15:00', 'arrived_to_station', NULL),

-- 4/29 김환자 위암센터
(3, 10011001, '2025-04-29 10:15:00', 'call_with_voice', NULL),
(3, NULL, '2025-04-29 10:20:00', 'arrived_to_call', NULL),
(3, 10011001, '2025-04-29 10:25:00', 'patient_navigating', NULL),
(3, 10011001, '2025-04-29 10:35:00', 'navigating_complete', NULL),
(3, 10011001, '2025-04-29 10:40:00', 'patient_return', NULL),
(3, 10011001, '2025-04-29 10:45:00', 'arrived_to_station', NULL),

-- 4/30 이환자 폐암센터
(3, 10021002, '2025-04-30 10:45:00', 'call_with_screen', NULL),
(3, NULL, '2025-04-30 10:50:00', 'arrived_to_call', NULL),
(3, 10021002, '2025-04-30 10:55:00', 'patient_navigating', NULL),
(3, 10021002, '2025-04-30 11:05:00', 'navigating_complete', NULL),
(3, 10021002, '2025-04-30 11:10:00', 'patient_return', NULL),
(3, 10021002, '2025-04-30 11:15:00', 'arrived_to_station', NULL);

-- 4월 4주차 네비게이션 로그
INSERT INTO `navigating_log` (`robot_id`, `dttm`, `orig`, `dest`) VALUES
-- 4/28 최환자: 로비 → 대장암센터
(3, '2025-04-28 08:55:00', 8, 3),
(3, '2025-04-28 09:10:00', 3, 8),

-- 4/29 김환자: 로비 → 위암센터
(3, '2025-04-29 10:25:00', 8, 4),
(3, '2025-04-29 10:40:00', 4, 8),

-- 4/30 이환자: 로비 → 폐암센터
(3, '2025-04-30 10:55:00', 8, 5),
(3, '2025-04-30 11:10:00', 5, 8);

